region,retour,situation,pus,groscolis,repere,adresse,map,longlat,statut
Abidjan Centre et Est (Cocody-Plateau),Oui,COD,Angre Château,Non,Pharmacie des Allées,"Immeuble Batim, à 50m du château d'eau, proche de la Pharmacie les Allées",bit.ly/2Oozt2j,"5.409962269338959,-3.984845004000914",Live
Abidjan Centre et Est (Cocody-Plateau),Oui,COD,Cocody Plateau Dokui,Oui,Rond point allocodrome Dokui,Au rond point de l'allocodrome à l'intérieur du point service Startime,bit.ly/2nBDjYD,"5.396401580111229,-4.003072574024484",Close
Abidjan Centre et Est (Cocody-Plateau),Oui,COD,Cocody Faya,Non,Entre station Shell et Feu nouveau goudron,"Route de Bingerville, non loin de la station Shell avant le feu de nouveau goudron",https://bit.ly/3rIXCVl,"5.3722876980055805,-3.9300250028597694",Live
Abidjan Centre et Est (Cocody-Plateau),Oui,COD,Riviera Palmeraie,Non,Pharmacie Marthe Robin,A 100m du Carrefour Giraud sur la montée,bit.ly/2klTLuB,"5.37279593437995,-3.959260731694947",Live
Abidjan Centre et Est (Cocody-Plateau),Oui,COD,Plateau Mosquée,Non,Coqivoire Mosquée plateau,"RDC Mosquée du Plateau, à proximité de la boutique Coqivoire",bit.ly/3p90GT7,"5.319454766416154,-4.01533658566835",Close
Abidjan Centre et Est (Cocody-Plateau),Oui,COD,Riviera 2,Non,Groupe scolaire André Malraux,2ème carrefour à droite en venant du rond point de la Riviera 2,bit.ly/2m0CozR,"5.3564647308807904,-3.976816331695035",Live
Abidjan Centre et Est (Cocody-Plateau),Non,COD,Deux plateaux mobile,Non,Carrefour ancien marché,Non loin de l'agence BNI; à l'intérieur de l'agence mobile money MONDESIR.COM, bit.ly/2Qfb4L8,"5.368594999593781,-4.001155974024628",Live
Abidjan Centre et Est (Cocody-Plateau),Oui,COD,Cocody ENA,Non,ENA,À l'intérieur de l'espace MTN ENA,bit.ly/2Tdr9To,"5.361575829312883,-3.9983396451894975",Live
Abidjan Centre et Est (Cocody-Plateau),Oui,COD,Bingerville carrefour syndicat ,Non,Pharmacie Marina, A côté de la pharmacie marina,bit.ly/30YbMzX,"5.366504884066371,-3.909010092858274",Live
Abidjan Centre et Est (Cocody-Plateau),Oui,COD,Bingerville - quartier Adjamé Bingerville,Non,Super marché Bon prix,Dans la rue en face du super marché Bon Prix,bit.ly/2kQqPep,"5.350968978818752,-3.8757778028598935",Live
Abidjan Nord Ouest (Abobo - Adjamé - Yopougon),Oui,COD,Abobo marché de nuit,Non,Abobo Marché de nuit ,Station Petro Ivoire ;Autoroute d'Abobo ; au marché de nuit,bit.ly/3pvwlyA,"5.436368224166074,-4.030053966220641",Live
Abidjan Nord Ouest (Abobo - Adjamé - Yopougon),Non,COD,Abobo - quartier Kennedy,Non,Pharmacie Kennedy ,Abobo Kennedy non loin de la pharmacie Kennedy,bit.ly/2kFfNZF,"5.418085509616731,-4.006159902728171",Live
Abidjan Nord Ouest (Abobo - Adjamé - Yopougon),Non,Prepaid,Abobo Akeikoi,Oui,Carrefour Akeikoi,au carrefour Akeikoi au sein de l'agence MTN Money,bit.ly/2NDVc66,"5.427386403441721,-4.0149540468402485",Close
Abidjan Nord Ouest (Abobo - Adjamé - Yopougon),Non,COD,Abobo Baoulé,Non,Carrefour Dahico,derrière le lavage Dahico,bit.ly/2mpp2xx,"5.418438009522964,-3.998154018071437",Live
Abidjan Nord Ouest (Abobo - Adjamé - Yopougon),Non,Prepaid,Abobo Mairie,Non,Maire d'Abobo,Immeuble Mami Faitai à l'intérieur de l'agence MTN,bit.ly/3cW6OcI,"5.43811002773908,-4.03782258584022",Close
Abidjan Nord Ouest (Abobo - Adjamé - Yopougon),Non,COD,Abobo quartier  Biabou,Non,Pharmacie Biabou,Non loin de la pharmacie Biabou,bit.ly/2UsEWFR,"5.441684488809078,-3.9830724528358368",Live
Abidjan Nord Ouest (Abobo - Adjamé - Yopougon),Oui,COD,Adjamé Pharmacie Saint Michel,Non,Lycée moderne 2 NANGUI ABROGOUA d'Adjamé,"En face du lycée moderne 2 NANGUI ABROGOUA d'Adjamé; au sein du centre commercial ""Ancienne résidence des maires""",https://bit.ly/48F14AX,"9.994532939941484,-5.89515378048897",Live
Abidjan Nord Ouest (Abobo - Adjamé - Yopougon),Oui,COD,Yopougon Bel Air,Non,Centre commercial AGOUMAN ,"Au sein du centre commercial AGOUMAN ,juste après la bank ECOBANK ",bit.ly/3jQ2q2N,"5.3454546378438295,-4.061695094328326",Close
Abidjan Nord Ouest (Abobo - Adjamé - Yopougon),Non,COD,Yopougon palais de Justice,Non,"Pharmacie Artemia, palais de justice ",En face du palais de Justice derrière la Pharmacie Artemia,bit.ly/2kRsQqT,"5.326503149928957,-4.077694402859989",Live
Abidjan Nord Ouest (Abobo - Adjamé - Yopougon),Oui,COD,Yopougon Port-Bouet 2,Oui,Pharmacie Port bouet 2,"Au feu de de la pharmacie Port Bouet 2, en face de la banque Advans",bit.ly/2lYT5f0,"5.346857912272622,-4.087166702859911",Close
Abidjan Nord Ouest (Abobo - Adjamé - Yopougon),Oui,COD,Yopougon Selmer,Non,Marché Dominique Ouattara,Yopougon Selmer à l'intérieur du marché Dominique Ouattara,bit.ly/2lVfQRj,"5.340526535760523,-4.068479289365422",Live
Abidjan Nord Ouest (Abobo - Adjamé - Yopougon),Non,Prepaid,Yopougon Bonikro,Non,Pharmacie Alicia,"A l'intérieur de l'agence orange money, entre la DREN et la pharmacie Alicia",bit.ly/35phOKO,"5.351828864462116,-4.103577646460056",Close
Abidjan Nord Ouest (Abobo - Adjamé - Yopougon),Oui,COD,Yopougon Lubafrique,Non,COOPEC Yopougon Lubafrique,A l'intérieur de l'agence Orange money; A côté de la COOPEC,bit.ly/39XwvYU,"5.3304360159420145,-4.103169213233089",Live
Abidjan Nord Ouest (Abobo - Adjamé - Yopougon),Oui,COD,Yopougon Maroc,Non,Mosquée yopougon Maroc,Non loin de la mosquée à l'intérieur de l'agence de transfert Mobile Monney., bit.ly/2QvlSnV,"5.3405713357468505,-4.097037532266154",Live
Abidjan Nord Ouest (Abobo - Adjamé - Yopougon),Oui,COD,Yopougon toit rouge,Non,Poste toit rouge,Non loin de l'agence MTN en direction du collège Offoumou Yapo,bit.ly/2SI6AwM,"5.333460490751551,-4.054160360530293",Close
Abidjan Sud (Marcory - Koumassi - Port-Bouet),Oui,COD,Marcory Carrefour Solibra,Non,Immeuble rochebobois,Immeuble Roche Bobois à coté de l'école ETIC,https://maps.app.goo.gl/ibnByxstffM9fQhQ7,"5.30225225618723,-3.993475232991666",Live
Abidjan Sud (Marcory - Koumassi - Port-Bouet),Oui,COD,Gonzagueville,Non,Carrefour Abraham,Carrefour Abraham non loin de l'espace Oasis 1er.,bit.ly/2mdRToe,"5.239442606219892,-3.8875073028603504",Live
Abidjan Sud (Marcory - Koumassi - Port-Bouet),Oui,COD,Grand Carrefour de Koumassi,Non,Grand carrefour Koumassi,"Grand carrefour de Koumassi, entre le restaurant le Titanic et Ecobank",bit.ly/3aMAxVa,"5.287316212389527,-3.9709302932527586",Close
Abidjan Sud (Marcory - Koumassi - Port-Bouet),Non,COD,Marcory Poto-poto,Non,Non loin de la pharmacie Ebathé,Entre la Pharmcie Ebathé et l'Hopital General de Marcory ,bit.ly/2mjcCXP,"5.302315186398348,-3.983121831695253",Close
Abidjan Sud (Marcory - Koumassi - Port-Bouet),Non,COD,Marcory Résidentiel ,Non,Pharmacie Bethesda Résidentielle, sur le même alignement que le  Groupe LOKO grand bloc au sein de l' agence de voyage club service,bit.ly/2kO5aDC,"5.309816223368101,-3.985579643964466",Close
Abidjan Sud (Marcory - Koumassi - Port-Bouet),Oui,COD,Port-Bouet,Non,Port-Bouet en face de la pharmacie Malon,"Prendre la rue en face de la  pharmacie MALON, l'agence se trouve à 300 m sur votre gauche",bit.ly/2mdYkaS,"5.2593447563574856,-3.960996731695458",Close
Abidjan Sud (Marcory - Koumassi - Port-Bouet),Non,Prepaid,Treichville,Non,Non loin de Lubritex,Abidjan Treichville avenue 21 rue 16b ,bit.ly/2kC2gSB,"5.302309118110378,-4.008603731695258",Close
Abidjan Sud (Marcory - Koumassi - Port-Bouet),Oui,COD,Vridi cité,Non,SODECI en face de l'église des assemblés de Dieu,Non loin de la SODECI en face de l'église des assemblés de Dieu,bit.ly/2YxgJkb,"5.260014422298486,-3.98193496069191",Live
Région de San-Pédro,Oui,COD,Gabiadji,Oui,Carrefour camp BAKOUE,Derrière la pharmacie route de l'hôpital ,bit.ly/2P5jtT8,"5.017944,-6.558917",Live
Région de la Nawa,Oui,COD,Meagui,Oui,Agence principale Orange,Route de San Pedro à côté de l'agence principale d'orange,bit.ly/2mdX4EG,"5.405082253637557,-6.554822574024461",Live
Région de San-Pédro,Oui,COD,San Pedro Grand Endémie,Oui,Grand Edemie,"Quartier Lac en face du grand endémie, immeuble Bowl",bit.ly/2kEC4H2,"4.746291107369013,-6.6386532740272015",Live
Région de San-Pédro,Oui,COD,San Pedro Pharmacie Madou,Oui,Pharmacie Madou,Au rond point de la gare non loin de la pharmacie Madou,bit.ly/2lTCDNg,"4.772194307597951,-6.646825183251096",Close
Région de la Nawa,Oui,COD,Soubre,Oui,Carrefour Doboua,"Non loin du carrefour Doboua, après la Gendarmerie en allant au marché",bit.ly/2mdZhQu,"5.7842700944981065,-6.594510731693073",Live
Région de San-Pédro,Oui,COD,Tabou,Oui,La nouvelle pharmacie de Tabou,Non loin de la nouvelle pharmacie; à l'intérieur de l'agence mobile money , bit.ly/39x1fzN,"4.428192465462185,-7.356585534115985",Live
Région du Gbôklé,Oui,COD,Sassandra,Oui,Camp fonctionnaire,En face de la banque populaire de Sassandra,bit.ly/2ICmcgs,"4.951121518717607,-6.084425575067922",Live
Région de San-Pédro,Oui,COD,SOGB centre commercial,Oui,Centre commercial ,A l'entrée du domaine SOGB,bit.ly/30kD1ES,"4.670237741446389,-7.080744380137129",Live
Région du Sud-Comoé,Oui,COD,Aboisso,Oui,Quartier commerce - En face de l'immeuble fian,Quartier commerce - En face de l'immeuble fian,https://bit.ly/3PLgV8z,"5.466921171231565,-3.2081442672769422",Live
Région du Sud-Comoé,Oui,Prepaid,Bonoua,Oui,Carrefour 2 etages,Bonoua en face de 2 étages,bit.ly/2mextvl,"5.280255581506823,-3.5958493961129556",Live
Région du Sud-Comoé,Oui,COD,Grand Bassam,Oui,Station Ivoire Lub,"Moossou, au sein de la station Ivoire Lub",bit.ly/2klOenP,"5.221604923563006,-3.7265006177998874",Close
Région de l'Indénié-Djuablin,Oui,COD,Abengourou,Oui,Agence MTN Grand marché,En face du grand marché entre le restaurant Ochan et l'agence MTN.,bit.ly/3puVUQ9,"6.731508074998303,-3.487253247599936",Live
Région de l'Indénié-Djuablin,Oui,COD,Agnibilekrou,Oui,"Carrefour Vagabond Terrain, Ancien Cmec","Carrefour Vagabond Terrain, Ancien Cmec",bit.ly/2kjn0y8,"7.131757526083785,-3.2031795451804372",Live
Région du Sud-Comoé,Oui,Prepaid,Aniassue,Oui,"Maquis connexion, gare d'Abengourou","Non loin du maquis la Connexion, en face de la gare d'Abengourou",bit.ly/2XTI3aR,"6.657903140136851,-3.6824777316886173",Live
Région du Sud-Comoé,Oui,Prepaid,Bongouanou,Oui,Hopital Général,En face de l'Hopital general de Bongouanou en allant au quartier Habitat,bit.ly/2CG2qBk,"6.655169597781855,-4.21187218993002",Live
Région de l'Iffou,Oui,COD,Daoukro,Oui,Ancien Ivograin,"Ancien Ivograin, en venant d'Abidjan deuxième feu à gauche",bit.ly/2kEoLX4,"7.057860892232613,-3.961028938433637",Live
Région du N'Zi,Oui,COD,Dimbokro,Oui,Agence Ex Cote d'ivoire Telecom,En face de l'agence Cote D'Ivoire Télecom juste au feu,bit.ly/2lXQe6o,"6.649229113648049,-4.70636110285349",Live
Région du Sud-Comoé,Oui,Prepaid,Adiaké,Oui,Carrefour ancienne boulangerie,Carrefour ancienne boulangerie,bit.ly/2FYGNu9,"5.285788037524833,-3.302378697449687",Live
Région du Sud-Comoé,Oui,Prepaid,Maféré,Oui,Nouvelle Boulangerie ,Non loin de la Nouvelle Boulangerie,bit.ly/3cSnuSr,"5.415215235367412,-3.0313333028595895",Live
Région de l'Indénié-Djuablin,Oui,Prepaid,Niablé,Oui,Hopital General ,En face de l'hopital Général de Niablé,bit.ly/35eVjcn,"6.665094375224725,-3.2691496316885877",Close
Région du Moronou,Oui,COD,Arrah,Oui,Quartier Ebrin,en face du maquis Le PRESTIGE VIP,bit.ly/3fxUBi0,"6.666533891101741,-3.970329724119479",Live
Région du Bélier,Oui,COD,Didievi,Oui,Didievi,Quartier ALLUI NGUESSANKRO,bit.ly/3rEyLMz,"7.389630589930401,-7.375893289354777",Close
Région du Kabadougou,Oui,Prepaid,Madinani,Oui,Marché de Madinani, Au centre ville en face du marché,bit.ly/2NehVlX,"9.612751289710722,-6.940399631668931",Close
Région du Lôh-Djiboua,Oui,COD,Divo,Oui,Commissariat du 1er Arrondissement ,"Jumia, À 40 m du Commissariat 1er arrondissement juste en face de l'Eglise Catholique, Divo, Côte d'Ivoire",bit.ly/2lSVVm0,"5.841353206823519,-5.355683674022453",Live
Région du Lôh-Djiboua,Oui,COD,Lakota,Oui,Boulangerie SEMAO,Carrefour Dakouri en face de la boulangerie SEMAO,bit.ly/2kRn5JN,"5.863723004243464,-5.68273293169271",Live
Région du Gôh,Oui,COD,Diégonefla,Oui,Collège SANGOUE,Route de Gagnoa en face du Collège SANGOUE,bit.ly/2NuPKQ4,"6.283799737121193,-5.576277802855438",Live
Région du Lôh-Djiboua,Oui,Prepaid,Guitry,Oui, Eglise catholique de Guitry,"Non loin de l'église catholique de Guitry, route résidence du préfet.",https://bit.ly/3Kh2IMi,"5.5205224,-5.24889",Close
Région du Lôh-Djiboua,Oui,Prepaid,Hiré,Oui,Quartier Commerce,En face de la CITELCOM de hiré,bit.ly/2TZQPBG,"6.188114022526095,-5.295754389361444",Close
Région du Haut-Sassandra,Oui,COD,Daloa - Quartier Lobia,Oui,Quartier Lobia - banque UBA,"Proche du centre culturel de Lobia, derrière la banque UBA",https://bit.ly/3Q5ZmkV,"6.890782847495541,-6.449048660522513",Live
Région du Haut-Sassandra,Oui,COD,Daloa - Quartier Tazibouo,Oui,Quartier Tazibouo - restaurant petit Cocody,Quartier Tazibouo en face du restaurant petit Cocody,bit.ly/3dDIyeZ,"6.900625838468468,-6.441718537796939",Live
Région du Haut-Sassandra,Oui,COD,Issia,Oui,CREDIT-FEF,"Issia sur le même bâtiment que CREDIT-FEF, à 150 m de l'hôpital général",bit.ly/2kSTQ9j,"6.497219144079724,-6.585151360524656",Live
Région du Haut-Sassandra,Oui,Prepaid,Vavoua,Oui,Ecobank Vavoua ,Au sein de la boutique Mobile Money en face de l'agence Ecobank de Vavoua,bit.ly/2qj6Qay,"7.376961739244931,-6.480610049581417",Live
Région de la Marahoué,Oui,COD,Bouaflé,Oui,Quartier koko Universelle du royaume de Dieu. ,Non loin de l'église Universelle du royaume de Dieu. , bit.ly/2QlavPJ,"6.984966879309865,-5.744689260259469",Live
Région du Haut-Sassandra,Oui,Prepaid,Saioua,Oui,Pharmacie Saint Jacques,En face de la pharmacie Saint Jacques,bit.ly/3aG1uZX,"6.490092891346823,-6.272102950905493",Close
Région du Haut-Sassandra,Oui,Prepaid,Zoukougbeu,Oui,Pharmacie Zoukougbeu,Non loin de la pharmacie de Zoukougbeu en face de la mairie,bit.ly/2UBATay,"6.76917575228878,-6.861032250992011",Close
Région de la Marahoué,Oui,COD,Sinfra,Oui,Residence Hotel la Rosette,Non loin du carrefour conseil général à 200 mètres de la Résidence Hotel la Rosette,bit.ly/2Sm2UjH,"6.614463620910643,-5.915494007351555",Live
Région de la Marahoué,Oui,COD,Zuenoula,Oui,Gare Essedjé,"En face du marché,ancienne boulangerie centrages",bit.ly/2lT85eE,"7.429756527997151,-6.051577060519331",Live
Région de la Marahoué,Oui,Prepaid,Kononfla,Oui,Gare TDF,Non loin du jardin en face de la gare TDF,bit.ly/2H1RvQQ,"6.651845735913421,-5.602711500571049",Close
Région du Bélier,Oui,Prepaid,Tiebissou,Oui,Station Shell en direction de Bouaké. ,400 m de la station Shell en direction de Bouaké. ,bit.ly/2kqiuOy,"7.1627434014872,-5.22170784461385",Live
District autonome de Yamoussoukro,Oui,COD,Yamoussoukro - Hotêl du grand centre,Oui,Hotel du grand centre,"Yamoussoukro Sur la voie principale, à coté de l’hôtel du grand centre",bit.ly/2khn6Gu,"6.809231372236531,-5.260848518193288",Live
District autonome de Yamoussoukro,Oui,COD,Yamoussoukro - Hotêl le royaume,Oui,Hotel Royaume quartier energie,Quartier énergie à coté de l'Hotel Royaume,bit.ly/2lSm7NE,"6.821402614410246,-5.280425684659311",Close
Abidjan Nord Ouest (Abobo - Adjamé - Yopougon),Oui,COD,Anyama,Non,Station Shell Grand marché,Anyama non loin du grand marché à côté de la station Total,bit.ly/2mkgesH,"5.494610004827191,-4.052134924372124",Live
Région de l'Agnéby-Tiassa,Oui,Prepaid,Azaguié,Oui,Eglise Catholique Sainte Anne,En face de l'Eglise Catholique Sainte Anne,bit.ly/2p09tgQ,"5.638954408587977,-4.053551577478795",Live
Région de l'Agnéby-Tiassa,Oui,COD,N'Douci,Oui,Ancienne auto-école de N'Douci,"N'Douci carrefour de la station total Route d'Ahoua, en face de l'ancien auto-école",bit.ly/2kqfzW6,"5.865666377160801,-4.764121393341056",Live
Région de l'Agnéby-Tiassa,Oui,Prepaid,Sikensi,Oui,Commissariat de police de Sikensi,Quartier sikensi 3 en face du commissariat de police au sein de la boutique canal+,bit.ly/38Mjv9C,"5.674508617536349,-4.566668180778044",Live
Région du Grands Ponts,Oui,COD,Dabou,Oui,Gare de bouaké,Dabou non loin de la gare de bouaké,bit.ly/2mlWHbm,"5.326686728899357,-4.3668344014594656",Live
Abidjan Nord Ouest (Abobo - Adjamé - Yopougon),Oui,COD,Songon,Non,College Academia,"Songon Kassemble - Route de Dabou en bordure de voie, à côté du collège ""Academia""",bit.ly/2klQF9Y,"5.3193685727553754,-4.203299260530351",Close
Région de La Mé,Oui,COD,Adzopé,Oui,Collège TAGO,Adzopé en face du collège Tago,bit.ly/2lT8opI,"6.107545624244301,-3.856205131691504",Live
Région de La Mé,Oui,COD,Akoupé,Oui,Sous prefecture AKOUPE,"Akoupé quartier résidentiel sur l'axe Abidjan Abengourou, en face de la sous préfecture",bit.ly/2kE6ol6,"6.394272827982382,-3.8888879962410603",Live
Région de l'Agnéby-Tiassa,Oui,Prepaid,Taabo,Oui,Eglise Catholique Taabo,En face de l'église catholique de Taabo,bit.ly/39KjPUG,"6.278638324869921,-5.0715303938238065",Close
Région de la Marahoué,Oui,COD,Bonon,Oui,Station SAPE,"En face de la station SAPE, au sein du point service MTN",bit.ly/2lZuE0Z,"6.928961781708438,-6.042153616450264",Live
Région du Guémon,Oui,Prepaid,Bangolo,Oui,Station Shell,"Non loin de la Direction Général des Impôts,à l'intérieur de la librairie papeterie Coulibaly et Frere",bit.ly/2ofvcB4,"7.012748347853739,-7.490500002851458",Live
Région du Guémon,Oui,COD,Duekoué,Oui,Gare UTB,"Rue Princesse, en face de la gare UTB",bit.ly/2kh9tqO,"6.74414606901989,-7.343811545182643",Live
Région du Tonkpi,Oui,COD,Man,Oui,Centre commercial Albir,Au sein du centre commercial Albir,bit.ly/2klZeBL,"7.4030153660492095,-7.55701073168431",Live
Région du Tonkpi,Oui,Prepaid,Biankouman,Oui,Tresor Public,Carrefour Janvier non loin du trésor public.,bit.ly/2N9teMa,"7.740655893639746,-7.617444402847069",Close
Région du Tonkpi,Oui,Prepaid,Mahapleu,Oui,La gare BD,En face de la gare MT,bit.ly/2QGMYZQ,"7.222970338795073,-7.929882197328247",Close
Région du Cavally,Oui,Prepaid,Guiglo,Oui,Eglise catholique Saint Joseph,Non loin de l'eglise catholique Saint Joseph ,bit.ly/3qKrhHK,"6.54594070260112,-7.486597499732686",Close
Région du Tonkpi,Oui,Prepaid,Sangouiné,Oui,Gare OT, En face de la gare OT de Sangouine,bit.ly/2QDwAt3,"7.272079830316961,-7.777560769285357",Close
Région du Tonkpi,Oui,Prepaid,ZOUAN-HOUIEN,Oui,Mairie de Zouan-Houien,Non loin de la grande mosquée avant la mairie,bit.ly/2uFh1sd,"6.919635461462451,-8.206372278416588",Close
Région du Cavally,Oui,Prepaid,Blolequin,Oui,Radio Cohésion FM,Au sein de la radio Cohésion FM de Blolequin,bit.ly/2Ry3Ktt,"6.5725111242470105,-8.019472202853937",Close
Région du Cavally,Oui,COD,Toulepleu,Oui,Grande Mosquée de Toulepleu,Non loin de l'espace Alassane Ouattara,https://maps.app.goo.gl/knRBkXECwA3nPreW7,"6.5816389,-8.4135",Live
Région du Tonkpi,Oui,Prepaid,Danané,Oui,Agence Moov,En face de l'agence Moov de Danané,https://bit.ly/3trFDj1,"7.260993586197094,-8.154410360482052",Live
Région du Guémon,Oui,Prepaid,Facobly,Oui,Maquis Chez Yao,Non loin de la gare de Man,bit.ly/3bpBQIf,"7.389630589930401,-7.375893289354777",Close
Région du Grands Ponts,Oui,Prepaid,Grand-Lahou,Oui,Agence MTN Grand Lahou N'Zida,Non loin de l'agence MTN de Grand Lahou Nzida,bit.ly/38N07qw,"5.2496367794744545,-4.999840420618256",Live
Région du Gôh,Oui,COD,Gagnoa,Oui,"Maquis resto ""chez Deignan""","Non loin de la Gendarmerie de Gagnoa,route d'abidjan à 5m du  complexe maquis resto ""chez Deignan""",bit.ly/3oZ7KSo,"6.109496394987074,-5.92858681635082",Live
Région du Gôh,Oui,Prepaid,Guibéroua,Oui,Mairie de Guiberoua,"En face de la mairie de Guiberoua,non loin de CDCI",bit.ly/2mogdE9,"6.2406695027808805,-6.17395513169085",Live
Région du Gôh,Oui,COD,Bayota,Oui,Quartier Gbagbo,"Quartier Gbagbo, non loin du château d'eau de Bayota",bit.ly/3uaythM,"6.4643489743807345,-5.946748046967066",Close
Région du Gôh,Oui,COD,Oumé,Oui,Foyer polyvalent,Ancien marché à 10 m du foyer polyvalent,bit.ly/2PTubL2,"6.381260083916128,-5.417805571165108",Live
Région du Gôh,Oui,Prepaid,M'Bengué,Oui,Nouvlle Gare,Non loin de la nouvelle gare,bit.ly/2UeWe8e,"9.994723128217904,-5.894440313203899",Close
Région du Poro,Oui,COD,Korhogo - quartier petit Paris,Oui,SICTA quartier petit Paris,Situé à la zone industrielle vers la SICTA,https://bit.ly/3rKVg8g,"9.467253356059457,-5.619410273999759",Live
Région du Poro,Oui,COD,Korhogo - quartier Soba,Oui,Quartier Soba Musée Regional Gbon Coulibaly,Non loin du musée régional Gbon Coulibaly à coté de l'agence MTN,bit.ly/2vXbzSu,"9.455810829066673,-5.628399631670185",Live
Région de la Bagoué,Oui,COD,Boundiali,Oui,SODECI Boundiali,Boundiali non loin de la SODECI,bit.ly/2kR82Qj,"9.527638892023496,-6.4832436605048045",Live
Région de la Bagoué,Oui,COD,Tingréla,Oui,Jardin municipal des enfants,A 100 m de la voie principale non loin du jardin municipal des enfants en allant à la résidence du préfet.,bit.ly/2lVQfYj,"10.478503915586003,-6.403816189332233",Live
Région de la Bagoué,Oui,COD,kouto,Oui,Commissariat de Kouto,En face du commissariat de Kouto,bit.ly/2sV93el,"9.892982639921271,-6.410128173957495",Live
Région de la Bagoué,Oui,Prepaid,Kasseré,Oui,Marché de Kasséré,Non loin du marché de Kasséré,bit.ly/2sUZyvG,"9.82785560654603,-6.218534145161696",Close
Région du Kabadougou,Oui,COD,Odienne,Oui,Château d'eau,"La voie principale quartier Yankafissa, non loin du château d'eau.",bit.ly/3flkvBY,"9.512851626358689,-7.575379949448358",Live
Région du Tchologo,Oui,COD,Ferkessédougou,Oui,Gare UTNA mosquée dioulabougou,"Boutique Canal+ près de la gare UTNA en face de la grande mosquée, quartier dioulabougou",bit.ly/2kBSRuh,"9.588378003809083,-5.199537229822943",Live
Région du Tchologo,Oui,COD,Ouangolodougou,Oui,Agence Emploi jeune,"Non loin de la gare SAMA, entre l'agence emploi jeune et la l agence Koudjis",bit.ly/35y4LIa,"9.9645419502748,-5.154969658655131",Live
Région du Gbêkê,Oui,COD,Bouaké - Centre Commercial,Oui,Gare Malex,"Près de la gare MALEX, à coté de la station SHELL",https://bit.ly/3ZJeqbe,"7.684034532061955,-5.027360216341356",Live
Région du Gbêkê,Oui,COD,Bouaké - Stade,Oui,Pharmacie Reoboth en face du Stade.,A côté de la pharmacie Reoboth en face du Stade.,bit.ly/2kpZEai,"7.68454185886678,-5.046061465493154",Live
Région du Gbêkê,Oui,Prepaid,Djebonoua,Oui,Pharmacie Peniel,"A coté du maquis Mercato, à l'arrière de la pharmacie Peniel",bit.ly/3tMaXYd,"7.520263532177533,-5.070327938179446",Close
Région du Hambol,Oui,COD,Katiola,Oui,Situé en face de la mairie et de la poste de katiola.,"Quartier commerce, route de dabakala",bit.ly/3vCaUj9,"8.1393802,-5.0998991",Live
Région du Hambol,Oui,COD,Niakaramandougou,Oui,Paroisse Saint Joseph,Non loin de l'entrée principale de la paroisse saint Joseph,bit.ly/2nNyCLH,"8.659393536604535,-5.286736408791126",Live
Région du Hambol,Oui,COD,Tafiré,Oui,Grande Mosquée de Tafiré,En bordure de voie principale en face de la grande mosquée de Tafire ,bit.ly/2Jg9gxq,"9.072102588749678,-5.161164460508255",Live
Région de l'Iffou,Oui,COD,M'Bahiakro,Oui,M'Bahiakro Quartier commerce,En face de la pharmacie N'ZI,bit.ly/2MRHL2h,"7.453613500986959,-4.338188160519187",Live
Région du Gbêkê,Oui,COD,Béoumi,Oui,Mairie de Béoumi,Quartier commerce non loin de la Mairie,bit.ly/2GrvFpM,"7.674284198443482,-5.579500002847506",Live
Région du Gbêkê,Oui,Prepaid,Botro,Oui,Quartier résidentiel ,Non loin de la paroisse saint Gabriel de Botro,bit.ly/3aNbjFi,"7.849555136990234,-5.308239034811777",Close
Région du Gbêkê,Oui,COD,Sakassou,Oui,Centre social de Sakassou, Quartier Maraba non loin du centre social,bit.ly/2UsmP38,"7.45233208217153,-5.292034742634586",Close
Région du Hambol,Oui,Prepaid,Dabakala,Oui,Quartier Bambarasso,Non loin de  la  boulangerie Tiéba Ouattara ,bit.ly/2wMBHQd,"8.364461025045017,-4.431051116337448",Close
Région du Worodougou,Oui,COD,Seguela,Oui,Palais de Justice quartier Diomadé,"Quartier Diomadé , en face du palais de justice à côté de la nouvelle agence Micro-Cred",bit.ly/2khjt3k,"7.960094540355088,-6.670074680739595",Live
Région du Worodougou,Oui,Prepaid,Kani,Oui,Kani,Près du marché de Kani,https://goo.gl/maps/nqVq8NSTRbEbi7PY6,"8.476059,-6.6055049",Live
Région du Béré,Oui,COD,Mankono,Oui,Gendarmerie de Mankono,Quartier Maminan non loin de l'agence MTN,bit.ly/376hDVk,"8.060110716991332,-6.189794016339486",Live
Région du Bafing,Oui,COD,Touba,Oui,à 100m de l'inspection de l'enseignement primaire.,"TOUBA, quartier dougouba1,  rue du commerce Agence Canal+",bit.ly/2lTF6r0,"8.282472298005986,-7.683861828835171",Live
Région du Gontougou,Oui,COD,Bondoukou,Oui,Carrefour 911,A l'entrée de la ville sur la rue principale carrefour 911,https://bit.ly/3Q7v6py,"8.024368653305503,-2.810939731680399",Live
Région du Gontougou,Oui,Prepaid,Tanda,Oui,Gare routiere en face du commissariat,Tanda à l'intérieur de la gare routière en face du commissariat ,bit.ly/2lVcE8h,"7.802372034541639,-3.166347471164827",Live
Région du Gontougou,Oui,Prepaid,Koun Fao,Oui,Mairie de KOUN-FAO,Non loin de la mairie à l'intérieur de la gare d'Abokro,bit.ly/36Bk55Z,"7.487359273677425,-3.252371831683807",Live
Région du Gontougou,Oui,Prepaid,Gouméré,Oui,Ecole Koko,Après le garage Auto-Kouassi à 100m de la voie principale de Bondoukou,https://bit.ly/3sDXAvr,"7.897521248465617,-2.9809722028726977",Close
Région de Bounkani,Oui,COD,Bouna,Oui,Place de la Paix,Près de la place de la paix à l'intérieur de l'agence Canal+ ,bit.ly/2NcLLay,"9.27007419595262,-2.994149631671618",Live
Région de San-Pédro,Oui,COD,Grand-Béréby,Oui,La mairie de Grand-Béréby,Carrefour gendarmerie; en face de la mairie de Grand-Béréby,bit.ly/3gLEDS0,"4.6508102,-6.9249826",Live
Région du Gontougou,Oui,COD,Transua,Oui,Quartier royal,Chez PMS à 50 mètres de la voie principale,bit.ly/3sTzcmt,"7.549249360517421,-3.014732931709941",Live
Région du Gbêkê,Oui,COD,Bouaké-Quartier Air France,Oui,Pharmacie Ayatha,Vers la flotte; à côté de la pharmacie AYATHA,bit.ly/3hJ4drn,"7.669525576578776,-5.013677402120016",Live
Région de la Nawa,Oui,COD,Yabayo,Oui,Eglise catholique de Yabayo,En face de l'église catholique de Yabayo non loin de la poste,bit.ly/31G5gPF,"5.946056,-6.597528",Live
Abidjan Sud (Marcory - Koumassi - Port-Bouet),Oui,COD,Koumassi Remblais-Carrefour Colombe,Non,Derrière la phamacie Ebathe,Non loin du collège Colombe,https://bit.ly/3trNn2C,"5.3016951,-3.9672483",Live
Région du Poro,Oui,Prepaid,Sinematiali,Oui,"Sinematiali centre, non loin du siège PDCI RDA",Au rond point de la boutique valy en haut de la station delta oil,https://bit.ly/3tBrl0N,"9.5840833,-5.3867443",Close
District autonome de Yamoussoukro,Oui,COD,Yamoussoukro,Oui,Yamoussoukro - Etage Diaby,"Après la pharmacie de la Fondation, sur le même alignement que la COOPEC",https://bit.ly/3vFGGP0,"6.8028816,-5.2696558",Live
Abidjan Nord Ouest (Abobo - Adjamé - Yopougon),Oui,COD,Abobo N'Dotré,Non,Abobo N'Dotré Carrefour Diallo,Carrefour Diallo en face de la pharmacie Carrefour Diallo,https://bit.ly/3Ad2d0M,"5.4410271,-4.0598048",Close
Région de La Mé,Oui,COD,Alépé,Oui,Quartier Village,"Quartier Village, Juste après la mairie d'Alépé",https://bit.ly/2Wv0O78,"5.4996667,-3.6621054",Live
Région du Bélier,Oui,COD,Toumodi,Oui,Pharmacie Toumodi,Non loin de la pharmacie de toumodi,http://bit.ly/3dyyaIA,"6.5560567,-5.0209576",Live
Région de l'Agnéby-Tiassa,Oui,COD,Agboville,Oui,Quartier commerce,"Quartier commerce, non loin du commissariat de police d'Agboville",https://bit.ly/3bT5UPh,"5.9318929,-4.2202134",Live
Région de la Nawa,Oui,COD,Buyo,Oui,Mairie,En face de la mairie de Buyo,https://bit.ly/330O5ZA,"6.2761389,-6.997272",Close
Abidjan Nord Ouest (Abobo - Adjamé - Yopougon),Oui,Prepaid,Yopougon Abobo Doumé,Non,Yopougon Abobo Doumé - Maquis le temple,Non loin du maquis le temple en allant au lycée municipal attecoubé,http://bit.ly/3qKHiNj,"5.3108611,-4.0385776",Close
Région du Grands Ponts,Oui,COD,Jacqueville,Oui,Voie sous prefecture,Au sein de l'agence Canal+ Voie de la sous préfecture.,https://bit.ly/3x0VyG0,"5.2068417,-4.4237028",Live
Région du Haut-Sassandra,Oui,Prepaid,Gonate,Oui,Gendarmerie,Après le poste de la Gendarmerie  Face à l'église CMA,https://bit.ly/3nl5rdb,"6.9057778,-6.2490498",Close
Région de La Mé,Oui,COD,Yakassé Attobrou,Oui,Yakassé Attobrou,Non loin de la nouvelle pharmacie,https://bit.ly/3xWiXcf   ,"6.1815556,-3.6560498",Live
Région de l'Iffou,Oui,Prepaid,Prikro,Oui,Quartier Anokro,Quartier Anokro en face de la chapelle,https://bit.ly/3oBcYVK,"7.6473056,-3.9996609",Close
Région de l'Iffou,Oui,Prepaid,Ouellé,Oui,Ouellé,En face du presbytère résidence molo-molo,https://bit.ly/3498TyA,"7.2908889,-4.0126887",Live
Région du Gbêkê,Oui,COD,Bouake,Oui,Bouaké-Quartier Djamourou,"Non loin du marché de gros de bouaké, à côté de l'agence SGCI",https://bit.ly/2QClTd2,"7.6954167,-5.0301054",Live
Région du Gôh,Oui,COD,Gagnoa,Oui,Gagnoa-Quartier commerce,"Situé en face de la CELPAID,non loin de IVOGRAIN",https://bit.ly/3fvkxJC,"6.1283611,-5.9444387",Live
Région du Cavally,Oui,Prepaid,Taï,Oui,Eglise Sainte Famille,En face de l'église catholique sainte famille,https://bit.ly/3ywOQIH,"5.8759683,-7.4628142",Close
Région du Tonkpi,Oui,Prepaid,Sipilou,Oui,Centre culturel,Derrière le centre culturel de Sipilou,https://bit.ly/3wgQ8pc,"7.8662471,-8.1029894",Close
Région du Haut-Sassandra,Oui,COD,Daloa-Quartier soleil,Oui,Brigade ville,"Derrière la brigade ville , non loin de l'ancien bâtiment de DIAMOND BANK",https://bit.ly/3faZ0Hk,"6.8819555,-6.4902058",Live
Région de La Mé,Oui,COD,Agou,Oui,Marché Agou,Non loin du Marché à côté de la banque CECKA,https://bit.ly/405XUSU,"5.9829046,-3.9454862",Live
Région du Gôh,Oui,COD,Ouragahio,Oui,Quartier Djetro,Quartier Djetro; non loin de la boulangerie WEND KOUNI,https://bit.ly/3yCEKpB,"5.9829046,-3.9454862",Close
Région du Worodougou,Oui,Prepaid,Dianra,Oui,Voie pharmacie de Dianra,"Non loin du SUPER MARCHE SORO ZIE, sur la voie de la pharmacie de Dianra",https://bit.ly/3yAKsZ3,"5.9829046,-3.9454862",Close
Abidjan Nord Ouest (Abobo - Adjamé - Yopougon),Oui,Prepaid,Yopougon-Niangon,Non,Yopougon-Niangon à Gauche,1er carrefour après la station petroci en allant a SUPECO,https://bit.ly/3hOwJId,"5.3237778,-4.1086609",Close
Région du Moronou,Oui,Prepaid,Kotobi,Oui,OCPV,En face de 'OCPV,urlr.me/83nR4,"6.6967222,-4.1318831",Close
Région du Tonkpi,Oui,COD,Man-Ageroute,Oui,Ageroute,"Ageroute, Carrefour Sicta, non loin du carrefour Capen",https://bit.ly/3gDmnJU,"7.4079722,-7.5226887",Live
Région du Poro,Oui,COD,Korhogo-Quartier Haoussabougou,Oui,Haoussabougou,Non loin de l'école de Police,bit.ly/3xtr1zL,"9.4788144,-5.6447692",Live
Région de San-Pédro,Oui,COD,San Pedro-Quartier Colas,Oui,Ancien Lavage,"Ancien lavage, non loin du carrefour CP1",https://bit.ly/3COnyPQ,"4.7727608,-6.6707729",Live
Région du Moronou,Oui,Prepaid,M'batto,Oui,Quartier commerce,"Quartier commerce, en face du restaurant la Paillote",urlr.me/5c9jC,"6.4695833,-4.3628554",Close
Région du Sud-Comoé,Oui,COD,GrandBassam Station Shell,Oui,Coqivoire,Rue-MOCKEY Proche de coqivoire,https://urlz.fr/lGpQ,"5.210500,-3.735194",Live
Région de la Nawa,Oui,Prepaid,Oupoyo,Oui,Sur la voie principale,A côté de la pharmacie Sainte Delphine d'Oupoyo ,https://bit.ly/3JEmiBw,"5.5861808,-6.595828,17",Live
Région du Gontougou,Oui,Prepaid,Sandegue,Oui,Près du centre culturel,En face de la mosquée,https://bit.ly/3I4HJvd,"7.953500,-3.583667",Close
Région de l'Indénié-Djuablin,Oui,COD,Abengourou HKB,Oui,HKB sur la voie principale,En face de l'hôtel relais Agni et maquis Soblack,https://bit.ly/3JR8TGH,"6.730722,-3.507944",Live
Région du Tchologo,Oui,Prepaid,Kong,Oui,Derrière le 2e camp militaire,"En face de l'agence MTN, non loin de la préfecture de Kong",https://bit.ly/3o7ivoi,"9.150694,-4.613306",Close
Abidjan Nord Ouest (Abobo - Adjamé - Yopougon),Oui,COD,Abobo BC,Non,Près du camp commando,Juste à côté de l'Eglise Jésus-Christ des Saints de derniers jours ,https://bit.ly/3r5G8iL,"5.442722,-4.020278",Live
Région du Tchologo,Oui,Prepaid,Niellé,Oui,Quartier goudron,près de la voie qui mène à Pôgô,https://bit.ly/3G3YZPu,"10.203194,-5.618222",Close
District autonome de Yamoussoukro,Oui,COD,Yamoussoukro - Étage Diaby,Oui,Étage Diaby,"Après la pharmacie de la Fondation, sur le même alignement que la COOPEC",bit.ly/3lB8QFm,"6.792972,-5.269861",Live
Abidjan Nord Ouest (Abobo - Adjamé - Yopougon),Oui,COD,AboboPK18 Station    ,Non,Abobo PK18 cité Concorde, En face de la pharmacie ST Alexandre, https://bit.ly/3IIq10l,"5.450861, -4.049278",Close
Région du Gbêkê,Oui,COD,Bouake Gonfreville,Oui,Quartier Gonfreville,Entre la cour d'appel et la SODECI,https://bit.ly/3IxstX3,"7.7233333,-5.0540278",Live
Région du Gbêkê,Oui,COD,Bouake Kennedy,Oui,Quartier Kennedy, Non loin de l'église Moukassa,https://bit.ly/3wbHoE0,"7.6906111,-5.0110278",Live
District autonome de Yamoussoukro,Oui,COD,Yakro Morofe,Oui,Quartier Morofe,Pharmacie Morofé juste à côté du maquis PLEIN AIR, https://bit.ly/3tY38Ak,"6.8448889,-5.2948056",Live
Région du Lôh-Djiboua,Oui,COD,Divo Dialogue,Oui,Quartier  Bribore,Dialogue 2 Entre l'église catholique Christ roi et la grande mosqué,https://bit.ly/3LD5hZq,"5.8275047,-5.3658141",Live
Région du Lôh-Djiboua,Oui,COD,Bettié,Oui, Quartier Agnikro, Juste à côté de la banque populaire,https://bit.ly/36ZJ8G5,"6.0734167,-3.4086944",Live
Région de l'Indénié-Djuablin,Oui,COD,Daoukro,Oui,Quartier Anokro,Quartier Anokro en face de la chapelle, https://bit.ly/3oBcYVK ,"7.6473056,-3.9996609",Live
Région du Gbêkê,Oui,COD,Bouaké Belle Ville,Oui,Quartier Belleville,Près de la pharmacie Belleville,https://urlz.fr/hnSa,"7.7150324,-5.0024449",Live
Région du Gontougou,Oui,COD,Bondoukou station,Oui,Quartier Commerce,"Au rond point du musée, juste en face d'Advans banque", https://bit.ly/3DYgSzU,"8.04225,-2.7976389",Live
Région du Gbêkê,Oui,COD,Bouake Dares Salam,Oui,Quartier Dar Es Salam,Abbatoire a 200m en allant au corridor Nord, https://bit.ly/3i9PCUR,"7.7299068,-5.0295521",Live
Région du Poro,Oui,COD,Korhogo Tchekelenzo,Oui,Quartier Tchekelenzo,"Face du Dispensaire de Tchekelenzo, situé à proximité du collège moderne privé de LONYA",https://bit.ly/3aEeUKf,"9.4612424,-5.6250544",Close
Région du Tchologo,Oui,COD,Ferkessédougou Douane,Oui,Quartier Douane,"Sur le même bâtiment que le  restaurant FAST FOOD, à 100m de l'hôtel PELICAN",https://bit.ly/3KKZG2m,"9.6168056,-5.1889444",Live
Région du Guémon,Oui,COD,Duekoué,Oui, Petit Marché,Carrefour Tokpa non loin de la boulangerie Aoua Touré,https://bit.ly/3Ags6jv,"6.7383611,-7.3543889",Live
Région du Poro,Oui,COD,Korhogo Nouveau Quartier,Oui,Nouveau Quartier,75 mètres après le lycée SANOGO à droite en allant à KAPELE,https://bit.ly/3y3tAuq,"9.4525,-5.66275",Live
Région de San-Pédro,Oui,COD,San-Pedro Zimbabwe,Oui,Quartier Zimbabwe,carrefour Manzan immeuble Gris,https://bit.ly/3RMWvfm,"4.7403056,-6.6490833",Live
Région de San-Pédro,Oui,COD,San-Pedro Dafci,Oui,Quartier Dafci,à 50 mètres de la pharmacie cosmos non loin de la station shell,https://bit.ly/3ImHPiK,"5.0381962,-5.8947853,9",Live
Région de San-Pédro,Oui,COD,San-Pedro Zimbabwe,Oui,Jules Ferry,"Carrefour Manzan, à côté de l'école catholique",https://bit.ly/3RMWvfm,"4.7403056,-6.6490833",Live
Région du Gôh,Oui,COD,Gagnoa Quartier Dioulabougou,Oui,Quartier DIoulabougou,"Quartier DIoulabougou, Immeuble Bamba",https://bit.ly/3e9J9Lv,"6.1423889,-5.9516389",Live
Région de la Nawa,Oui,COD,Soubre Quartier Gabon,Oui,Quartier Gabon,Entre le carrefour 07 et l'orphelinat Gabon 07,https://bit.ly/3SJ2WjV,"5.7736111,-6.5948611",Live
Région de la Nawa,Oui,COD,Grand-Zattry,Oui,Grand marché de Grand-Zattry,En face du Grand marché de Grand-Zattry,https://bit.ly/3CcyGXh,"6.1154444,-6.5400278",Live
Région du Gôh,Oui,COD,Gagnoa Quartier Barihio,Oui,Quartier Barihio," En face de l'ancien SOLIBRA,à 100m de la boulangerie de Barihio",https://bit.ly/3e9J9Lv,"6.1423889,-5.9516389",Close
Région du Tonkpi,Oui,COD,Man- Quartier Libreville,Oui,Quartier Libreville,Non loin du centre de santé Libreville,https://bit.ly/3VeX8jM,"7.41525,-7.5564444,17",Live
Région du Haut-Sassandra,Oui,COD,Daloa Balouzon,Oui,Balouzon,Non loin de l'hôtel Imans,https://bit.ly/3TiJ1rV,"6.9001667,-6.4101565",Live
Région du Haut-Sassandra,Oui,COD,Daloa Abattoir 2,Oui,Quartier Abattoir 2,En face du 5e arrondissement,https://bit.ly/3EIu26h,"6.8604444,-6.4350278",Live
Région de La Mé,Oui,COD,Agou Station,Oui,Non loin du marché en face de la mairie et à coté du CECKA un établissement financier,Agou2,https://goo.gl/maps/oR4P87dY3inUTMF49,"5.9828999,-3.9454868",Live
District autonome de Yamoussoukro,Oui,COD,Djekanou  Station,Non,En face de la Sous-préfecture et à côté de la pharmacie ste Marie,Djekanou quartier Fonctionnaire,https://maps.app.goo.gl/UnmziEfh5wuTS1A77,"6.4699125,-5.1138594",Live
Région de San-Pédro,Oui,COD,San Pedro Station,Oui,"En face de la pharmacie sainte claudine, a côté de l'église méthodiste du bardot non loin de la CNPS",SAN PEDRO BARDOT,https://goo.gl/maps/M5eyCGkEbMmXMzv17,"4.7712222,-6.6491944,17",Live
Abidjan Nord Ouest (Abobo - Adjamé - Yopougon),Oui,COD,Abobo,Oui,"Mosquée Hadja Fadiga (En venant de la gendarmerie nationale, non loin du complexe hôtelier le kizo)",Abobo,https://www.google.com/maps/place//data=!4m2!3m1!1s0xfc1957e3ed35c17:0xde9f3233932acc89?hl=fr,"5.4121283,-4.0183746",Live
La région du Poro,Oui,COD,Sirasso,Oui,Solokaha (non loin de la coopec en face de la station service),Sirasso,"https://www.google.com/maps?q=9.272915,-6.095736","9.272915,-6.095736",Live
La région du Béré,Oui,COD,Tieningboue,Oui,"Quartier Soliba, non loin du collège LONI, à proximité de la nouvelle pharmacie BERE",Tieningboue,"https://www.google.com/maps?q=8.182831,-5.717364","8.182831,-5.7199389",Live
Région du Haut-Sassandra,Oui,COD,Bazra Nattis,Oui,En face du marché(Non loin de l'antenne de téléphonie MOOV),Bazra Nattis,https://goo.gl/maps/unyP6guzKhB2vGYP9,"7.6087778,-6.5205",Close
Abidjan Centre et Est (Cocody-Plateau),Oui,COD,Bingerville,Oui,"Carrefour syndicat, non loin de la pharmacie Marina ",Bingerville,https://goo.gl/maps/KFU9nWaDW5ZH9PZ48,"5.36628,-3.908837",Live
Abidjan Nord Ouest (Abobo - Adjamé - Yopougon),Oui,COD,Songon,Oui,Carrefour gravier non loin du maquis no name,Songon,"http://maps.google.com/?q=5.33476,-4.18438","5.33476,-4.18438",Live
Région du Tonkpi,Oui,COD,Logoualé,Oui,Entre la gendarmerie et la sous-préfecture,Logoualé,https://maps.app.goo.gl/9WufdHDM6U27gy6o7,"7.109373,-7.552385",Live
Abidjan Nord Ouest (Abobo - Adjamé - Yopougon),Oui,COD,Adjame Attecoube,Oui, Entre terminus 04 SOTRA et la pharmacie du rond point à gauche,Adjame Attecoube,https://maps.app.goo.gl/c8XPS659w37eKmtA9,"5.3471875,-4.0337656",Close
Région du Haut-Sassandra,Oui,COD,Daloa Quartier Abattoir 2,Oui,En face du 5e arrondissement,Quartier Abattoir 2,https://bit.ly/3EIu26h,"6.8604444,-6.4350278",Live
Abidjan Nord Ouest (Abobo - Adjamé - Yopougon),Oui,COD,Anyama Terre Rouge,Oui,En face du centre commercial Olympique,Anyama Terre Rouge,https://bit.ly/3iFg902,"6.9001667,-6.4101565",Live
Abidjan Centre et Est (Cocody-Plateau),Oui,COD,Riviera M'Badon,Non,Ambassade de Chine,"route de l'ambassade de Chine, à 100m derrière le panier d'or.",https://bit.ly/3IZdXe8,"5.3340661,-3.9453355",Live
Abidjan Centre et Est (Cocody-Plateau),Oui,COD,Angre Nouveau CHU,Non,Nouveau CHU,à 200 mètre  du supermarché Carrefour et 20 m de l’arrêt de bus,https://bit.ly/3xqIxa0xw,"5.3340661,-3.9453356",Live
Région du Gbôklé,Oui,COD,Fresco,Non,Marché de Fresco, Non loin de l'hôtel Zenith,https://bit.ly/3KGAGwP,"5.1045556,-5.5859722",Live
Région du Lôh-Djiboua,Oui,COD,Hermankono,Oui,Hermankono,Entre la station Shell et l'antenne orange," https://maps.google.com/?q=5.928146,-5.012064","5.928146,-5.012064",Live
Région de l'Indénié-Djuablin,Oui,COD, Kofikro,Oui, Kofikro, Eglise catholique sur la rue principale du village 300 mètres de la micro finance CMEC,"https://www.google.com/maps/place/Kofikro/@5.4050834,-3.3873643,15.5z/","5.4029872,-3.3820257",Live
Région du Tonkpi,Oui,COD, Zouanhouien 2,Oui, Zouanhouien 2,Quartier commerce  a côté de la petite mosquée juste en face de la pharmacie de zouanhouein ,https://maps.app.goo.gl/dEKeLNrbbsGXHAGC6,"6.9216944,-8.2087778",Live
Région de San-Pédro,Oui,COD, Quartier Zimbabwe,Oui, Quartier Zimbabwe, A côté de l'école primaire EPP Zimbabwe en allant à la maternité,https://bit.ly/3ImHPiK,"4.7604167,-6.6666944",Live
Région du Guémon,Oui,COD,Duekoué petit marché,Oui,Petit Marché,Carrefour Tokpa non loin de la boulangerie Aoua Touré,https://bit.ly/3Ags6jv,"6.7383611,-7.3543889",Live
Région du Tonkpi,Oui,COD,Danane ,Oui,Danane ,Quartier commerce en face de l'agence Moov,http://bit.ly/2uFh1sd,"6.9190763,-8.2078314",Live
Abidjan Sud (Marcory - Koumassi - Port-Bouet),Oui,COD,Soweto,Oui,Soweto,Derrière la boulangerie opéra non loin de la mosquée Hadj Hodou Sery,"https://www.google.com/maps/place/Agence+Jumia+Zoe+Bruno/@5.2841399,-3.9483884,3507m/data=!3m1!1e3!4m6!3m5!1s0xfc1ef00246ea469:0xc7e0a0cc076ed54c!8m2!3d5.2841399!4d-3.9483884!16s%2Fg%2F11vyq2my11?entry=ttu&g_ep=EgoyMDI0MTAxNi4wIKXMDSoASAFQAw%3D%3D","5.2841399,-3.9483884",Close
Région du Bafing,Oui,COD,Agence de Touba,Oui,Touba,A coté du restaurant le bon goût juste après la gare Mt,"https://www.google.com/maps/place/Agence+JUMIA+Touba/@8.2831,-7.6902949,871m/data=!3m1!1e3!4m12!1m5!3m4!2zOMKwMTYnNTkuMiJOIDfCsDQxJzE1LjgiVw!8m2!3d8.2831111!4d-7.6877222!3m5!1s0xfb02ff437721aa1:0xc5be4c9b5300c961!8m2!3d8.2822669!4d-7.6838841!16s%2Fg%2F11nyh3qhsf?entry=ttu&g_ep=EgoyMDI0MTAxNi4wIKXMDSoASAFQAw%3D%3D","8.2831,-7.69029",Live
Région du Bélier,Oui,COD,Agence de Toumodi,Oui,Toumodi,"Derrière le marché, près de l'école primaire Dominique Ouattara",https://maps.app.goo.gl/gNPVKcA48GiCjvJE8,"6.5561111,-5.0095556",Live
Région du Worodougou,Oui,COD,Dianra,Oui,Dianra,"Non loin du SUPERMARCHÉ SORO ZIE, sur la voie de la pharmacie de Dianra",https://bit.ly/3yAKsZ3,"8.9543056,-6.2571944",Live
Abidjan Centre et Est (Cocody-Plateau),Oui,COD,Angre cocovico,Oui,Angre cocovico,feu du terminus du bus 81-82 ancien marché cocovico au carrefour tapi rouge près de la grande école ISICOM non loin de la mosquée et l'église assemblée de Dieu d'angre djibi,"https://www.google.ci/maps/place/5%C2%B024'16.6%22N+3%C2%B059'00.2%22W/@5.4063043,-3.9842233,16z/data=!4m4!3m3!8m2!3d5.4046111!4d-3.9833889","5.4063043,-3.9842233",Live
Région du Hambol,Oui,COD,Dabakala,Oui,Dabakala,Quartier Bambarasso en face du terrain de Bambarasso,https://maps.app.goo.gl/Rn5jkbzU3TkhNaCH8,"8.3618056,-4.4310278",Live
Région du Tonkpi,Oui,COD,Zouanhouien,Oui,Zouanhouien,Quartier commerce a côté de la petite mosquée juste en face de la pharmacie de zouanhouein,https://maps.app.goo.gl/dEKeLNrbbsGXHAGC6,"6.9216944,-8.2087778",Live
Abidjan Sud (Marcory - Koumassi - Port-Bouet),Oui,COD,Bietry,Non,"Rue Thomas Edison, China Mall Zone 4","Zone 4 En venant de Rallye ou HONDA, après China Mall puis après les rails, un passe au fond à gauche","https://www.google.com/maps/place/5%C2%B017'14.4%22N+3%C2%B059'09.0%22W/@5.2873333,-3.9858333,17z/data=!3m1!4b1!4m4!3m3!8m2!3d5.2873333!4d-3.9858333?hl=fr&entry=ttu","5.2873333,-3.9858333,877",Live
Région du Lôh-Djiboua,Oui,COD,Guitry,Oui,Guitry,situé à  50 mètres avant la Mairie et 85 mètres avant la pharmacie de Guitry ,https://maps.app.goo.gl/gsDpcsZSYH3sNAvdA,"5.520727,-5.242313",Close
Abidjan Sud (Marcory - Koumassi - Port-Bouet),Oui,COD,Port Bouet ,Oui,Port Bouet Centre pilote,Au sein du centre commercial Centre pilote à côté du supermarché Cash Ivoire en face de l'hôtel de ville de Port-Bouët,"https://www.google.com/maps?q=5.25985050201416,-3.9637928009033203&z=17&hl=fr","5.2598505,-3.9663677",Live
Abidjan Nord Ouest (Abobo - Adjamé - Yopougon),Oui,COD,Abobo N'Dotré,Oui,Abobo N'Dotré,SOTRAPIM en venant du carrefour Bandji juste à droite sur l'axe principal,"https://www.google.com/maps/place/CWJJ%2B3CF,+Abidjan/@5.4301875,-4.0689531,876m/data=!3m2!1e3!4b1!4m5!3m4!1s0xfc1ea5311959121:0x35d7c1339a3190e2!8m2!3d5.4301875!4d-4.0689531?hl=fr-FR&entry=ttu&g_ep=EgoyMDI0MTAxNi4wIKXMDSoASAFQAw%3D%3D","5.4339517,-4.0677343",Live
Région du Lôh-Djiboua,Oui,COD,Guitry,Oui,Pharmacie de Guitry,situé à  50 mètres avant la Mairie et 85 mètres avant la pharmacie de Guitry ,https://maps.app.goo.gl/gsDpcsZSYH3sNAvdA,"5.520727,-5.242313",Close
Région de la Nawa,Oui,COD,Gabiadji,Oui,Gabiadji,situé en Bordure de la voie principale a côté de la gare routière SM,"https://maps.google.com/?q=5.02215,-6.55948","5.02215,-6.55948",Live
Région du Gontougou,Oui,COD,Sandegue,Oui,Sandegue,situé à 55 km de TANDA le local est Situé entre la gare et le centre culturel de sandegue,https://maps.app.goo.gl/UKTZ7wBeZTybnWEk6,"7.95355,-3.583608",Live
Région du Cavally,Oui,COD,Blolequin,Oui,Blolequin,"Situé au quartier colonel,centre ville carrefour keïbli  en face du lycée en face du lycée moderne de Blolequin","https://www.google.com/maps/place/7%C2%B013'21.4%22N+7%C2%B055'44.4%22W/@7.22261,-7.9315649,873m/data=!3m2!1e3!4b1!4m4!3m3!8m2!3d7.22261!4d-7.92899?entry=ttu&g_ep=EgoyMDI0MTAxNi4wIKXMDSoASAFQAw%3D%3D","7.22261,-7.9315649",Live
Abidjan Nord Ouest (Abobo - Adjamé - Yopougon),Oui,COD,Agence de Yopougon Abobo Doumé,Non,Yopougon Abobo doumé au bateau Carrefour Craven A,juste a côté de l'église vase d'honneur,"https://www.google.com/maps/place/5%C2%B018'39.5%22N+4%C2%B002'10.6%22W/@5.310978,-4.0388589,712m/data=!3m2!1e3!4b1!4m4!3m3!8m2!3d5.310978!4d-4.036284!5m1!1e1?entry=ttu&g_ep=EgoyMDI2MDIxOC4wIKXMDSoASAFQAw%3D%3D","5°18'39.5""N 4°02'10.6""W",Live
Abidjan Nord Ouest (Abobo - Adjamé - Yopougon),Oui,COD,Agence de Anyama,Oui,"Anyama-Adjamé, 3ᵉ extension","Sur la route de Y4,En face de la mosquée Cailloux et terminus Saloni","https://www.google.com/maps/place/5%C2%B018'39.5%22N+4%C2%B002'10.6%22W/@5.310978,-4.0388589,712m/data=!3m2!1e3!4b1!4m4!3m3!8m2!3d5.310978!4d-4.036284!5m1!1e1?entry=ttu&g_ep=EgoyMDI2MDIxOC4wIKXMDSoASAFQAw%3D%3D","5°18'39.5""N 4°02'10.6""W",Live
Abidjan Sud (Marcory - Koumassi - Port-Bouet),Oui,COD,Agence de Marcory sans fil,Non,situé juste à côté Boulangerie SALAM Maison Blanche,en venant de l’ARTCI après les palmiers,"https://www.google.com/maps/place/UNLOOSH+SERVICES/@5.3118903,-3.9607325,712m/data=!3m2!1e3!4b1!4m6!3m5!1s0xfc195aa9ea32fb5:0x3e4a0ec0773b6566!8m2!3d5.3118903!4d-3.9607325!16s%2Fg%2F11xgnttzy6!5m1!1e1?entry=ttu&g_ep=EgoyMDI2MDIxOC4wIKXMDSoASAFQAw%3D%3D",826Q+QP Abidjan,Live
Abidjan Sud (Marcory - Koumassi - Port-Bouet),Oui,Prepaid,Agence de PK24,Non,Agence de PK24,PK24 non loin de la société Coca cola,"https://www.google.com/maps/place/5%C2%B024'35.2%22N+4%C2%B009'57.5%22W/@5.4097778,-4.1659722,711m/data=!3m2!1e3!4b1!4m4!3m3!8m2!3d5.4097778!4d-4.1659722!5m1!1e1?entry=ttu&g_ep=EgoyMDI2MDIxOC4wIKXMDSoASAFQAw%3D%3D","5°24'35.2""N 4°09'57.5""W",Live
Abidjan Sud (Marcory - Koumassi - Port-Bouet),Oui,COD,Agence de Treichville Arras,Non,Quartier Arras,"Entente - Av24 Rue, 22 Terminus 22","https://www.google.com/maps/place/5%C2%B018'12.5%22N+4%C2%B000'03.0%22W/@5.30347,-4.000837,712m/data=!3m2!1e3!4b1!4m4!3m3!8m2!3d5.30347!4d-4.000837!5m1!1e1?entry=ttu&g_ep=EgoyMDI2MDIxOC4wIKXMDSoASAFQAw%3D%3D","5°18'12.5""N 4°00'03.0""W",Live
Abidjan Nord Ouest (Abobo - Adjamé - Yopougon),Oui,COD,Agence de Yopougon Port Bouet 2,Non,En venant de la pharmacie port Bouet 2 au carrefour Maquis,juste à côté du supermarché MINIBUDGET,"https://www.google.com/maps/place/8WW5%2BQPJ,+Abidjan/@5.3469678,-4.0953478,711m/data=!3m2!1e3!4b1!4m5!3m4!1s0xfc1ea5311959121:0x13142ba0ff65be5f!8m2!3d5.3469625!4d-4.0907344!5m1!1e1?entry=ttu&g_ep=EgoyMDI2MDIxOC4wIKXMDSoASAFQAw%3D%3D","8WW5+QPJ, Abidjan",Live
Abidjan Nord Ouest (Abobo - Adjamé - Yopougon),Oui,COD,Agence de Yopzoneindustrielle,Non,carrefour zone,en face de la pharmacie La Source,"https://www.google.com/maps/place/5%C2%B022'06.8%22N+4%C2%B004'45.7%22W/@5.3685556,-4.0793611,711m/data=!3m2!1e3!4b1!4m4!3m3!8m2!3d5.3685556!4d-4.0793611!5m1!1e1?entry=ttu&g_ep=EgoyMDI2MDIxOC4wIKXMDSoASAFQAw%3D%3D","5°22'06.8""N 4°04'45.7""W",Live
Région du Gbôklé,Oui,COD,Agence de Thoui,Oui,située à thoui non loin de la station ola et de la station petrolum,juste en face du grand dépôt de boisson,"https://www.google.com/maps/place/5%C2%B015'38.3%22N+6%C2%B031'58.4%22W/@5.260624,-6.539446,2846m/data=!3m1!1e3!4m4!3m3!8m2!3d5.260624!4d-6.53288!5m1!1e1?entry=ttu&g_ep=EgoyMDI2MDIxOC4wIKXMDSoASAFQAw%3D%3D","5°15'38.3""N 6°31'58.4""W",Live
Région de l'Indénié-Djuablin,Oui,COD,Agence de Abengourou,Oui,Près du collège KJ,Sinon le garage Martin,"https://www.google.com/maps/place/6%C2%B044'44.2%22N+3%C2%B030'18.7%22W/@6.7456111,-3.5051944,710m/data=!3m2!1e3!4b1!4m4!3m3!8m2!3d6.7456111!4d-3.5051944!5m1!1e1?entry=ttu&g_ep=EgoyMDI2MDIxOC4wIKXMDSoASAFQAw%3D%3D","6°44'44.2""N 3°30'18.7""W",Live
Région de l'Indénié-Djuablin,Oui,COD,Agence de Kofikro Baoulé Eglise catholique,Oui,Quartier Baoulé ,Eglise catholique,"https://www.google.com/maps/place/5%C2%B024'30.6%22N+3%C2%B022'51.7%22W/@5.4085,-3.3810278,711m/data=!3m2!1e3!4b1!4m4!3m3!8m2!3d5.4085!4d-3.3810278!5m1!1e1?entry=ttu&g_ep=EgoyMDI2MDIxOC4wIKXMDSoASAFQAw%3D%3D","5°24'30.6""N 3°22'51.7""W",Live
Région du Sud-Comoé,Oui,COD,Agence de Nzikro,Oui,Quartier Baoulé Le Corridor,,"https://www.google.com/maps/place/5%C2%B023'34.2%22N+3%C2%B024'14.0%22W/@5.392839,-3.4038448,178m/data=!3m1!1e3!4m4!3m3!8m2!3d5.3928333!4d-3.4038889!5m1!1e1?entry=ttu&g_ep=EgoyMDI2MDIxOC4wIKXMDSoASAFQAw%3D%3D","5°23'34.2""N 3°24'14.0""W",Live
Région du Sud-Comoé,Oui,COD,Agence de Samo,Oui,CARREFOUR MARCHÉ APRÈS LE GARAGE,DERRIÈRE LE COMMISSARIAT DE POLICE,"https://www.google.com/maps/place/5%C2%B017'02.6%22N+3%C2%B030'47.9%22W/@5.2840609,-3.5158805,712m/data=!3m2!1e3!4b1!4m4!3m3!8m2!3d5.2840556!4d-3.5133056!5m1!1e1?entry=ttu&g_ep=EgoyMDI2MDIxOC4wIKXMDSoASAFQAw%3D%3D","5°17'02.6""N 3°30'47.9""W",Live
Région du Sud-Comoé,Oui,COD,Agence de Yaou,Oui,VOIE INTERNATIONALE FACE GRANDE QUINCAILLERIE,IMMEUBLE VERT - PRESSING EC LAVERIE - VOIE INTERNATIONALE FACE GRANDE QUINCAILLERIE DE YAOU,"https://www.google.com/maps/place/5%C2%B014'33.3%22N+3%C2%B037'43.2%22W/@5.2425833,-3.6286667,712m/data=!3m2!1e3!4b1!4m4!3m3!8m2!3d5.2425833!4d-3.6286667!5m1!1e1?entry=ttu&g_ep=EgoyMDI2MDIxOC4wIKXMDSoASAFQAw%3D%3D","5°14'33.3""N 3°37'43.2""W",Live
Région du Sud-Comoé,Oui,COD,Agence de Assinie,Oui,Quartier Djamian,"sur la route du marché, Carrefour Cour Royale à 30m de la police Nationale","https://www.google.pl/maps/place/5%C2%B008'05.7%22N+3%C2%B017'23.9%22W/@5.134922,-3.2925471,17z/data=!3m1!4b1!4m4!3m3!8m2!3d5.1349167!4d-3.2899722?entry=ttu&g_ep=EgoyMDI2MDIxOC4wIKXMDSoASAFQAw%3D%3D","5°08'05.7""N 3°17'23.9""W",Live
Région du Gôh,Oui,COD,Agence de Ogoudou,Oui,Near the Catholic Church,and the Appagnou Private School in Ogoudou,"https://www.google.pl/maps/place/AGENCE+JUMIA+OGOUDOU/@5.8969497,-5.162186,17z/data=!4m12!1m5!3m4!2zNcKwNTMnNDkuMCJOIDXCsDA5JzM0LjYiVw!8m2!3d5.8969444!4d-5.1596111!3m5!1s0xfbf6504b4e30433:0x8a00b1993724f92d!8m2!3d5.8959403!4d-5.1582833!16s%2Fg%2F11m61nj85r?entry=ttu&g_ep=EgoyMDI2MDIxOC4wIKXMDSoASAFQAw%3D%3D","5°53'49.0""N 5°09'34.6""W",Live
Région Abidjan - lagunes,Oui,COD,Agence de Attingue,Oui,situé au carrefour de l'hôpital général de ATTINGUÉ, juste à l'école primaire Epp ATTINGUÉ 2,"https://www.google.com/maps/place/8%C2%B029'05.3%22N+3%C2%B007'37.5%22W/@8.484797,-3.127092,707m/data=!3m2!1e3!4b1!4m4!3m3!8m2!3d8.484797!4d-3.127092?entry=ttu&g_ep=EgoyMDI2MDIxOC4wIKXMDSoASAFQAw%3D%3D","8°29'05.3""N 3°07'37.5""W",Live
Région du Lôh-Djiboua,Oui,COD,Agence de Yocoboue,Oui,Yocoboue,en bordure à 120 mètres de la pharmacie de yocoboue,"https://www.google.com/maps/place/5%C2%B016'02.7%22N+5%C2%B006'31.6%22W/@5.267415,-5.108781,712m/data=!3m2!1e3!4b1!4m4!3m3!8m2!3d5.267415!4d-5.108781?entry=ttu&g_ep=EgoyMDI2MDIxOC4wIKXMDSoASAFQAw%3D%3D","5°16'02.7""N 5°06'31.6""W",Live